nav:
  - Aria Greenbottle: aria_greenbottle.md
  - Aurora: pc_aurora.md
  - Baltigard: baltigard.md
  - Bareth Lionmane: bareth_lionmane.md
  - Bartleby Quick: bartleby_quick.md
  - Berdan Barleybrow: berdan_barleybrow.md
  - Borogrove: borogrove.md
  - Brand Orvain: brand_orvain.md
  - Brandon Bane: brandon_bane.md
  - Branwir: branwir.md
  - Calra Brightwater: calra_brightwater.md
  - Cleseur: cleseur.md
  - Cultista / Cultist: cultista.md
  - Curador: curador.md
  - Dandan: dandan.md
  - Darsen: darsen.md
  - Dolrea Vas: dolrea_vas.md
  - Draven: draven.md
  - Druida Infetado: druida_infestado.md
  - Eliza Greenbottle: eliza_greenbottle.md
  - Finn Greenbottle: finn_greenbottle.md
  - Garruk Valstein: garrut_valstein.md
  - Guarda da Cidade (Greyhawk): guarda_da_cidade.md
  - Jeraldina: jeraldina.md
  - Kaldros Veynor: kaldros_veynor.md
  - Ketrich Flavifer: ketrich_flavifer.md
  - Klikz: klikz.md
  - Kobolds Infectados: kobolds_infectados.md
  - Kristryd Splitanvil: kristryd_splitanvil.md
  - Lia: lia.md
  - Lirael: lirael.md
  - Liwana: liwana.md
  - Luthor: luthor.md
  - Luthor Greystone: luthor_greystone.md
  - "Major-domo do Castelo": "major-domo_castelo.md"
  - Malrik Dorn: malrik_dorn.md
  - Marielle Duns: marielle_duns.md
  - Mestre Donlan: mestre_donlan.md
  - Mestre Tolinn: mestre_tolinn.md
  - Mestre Tolyn: mestre_tolyn.md
  - Mr.0: mr0.md
  - Myria: myria.md
  - NPCs: npcs_list.md
  - Old Rasko: old_rasko.md
  - Outros NPCs: outros_npcs.md
  - Prysanna: prysanna.md
  - Pryssana: pryssana.md
  - Raveth XilZyrl: raveth_xil_zyrl.md
  - Selene: selene.md
  - Senhor Rodrik: senhor_rodrik.md
  - Sir Gregor: sir_gregor.md
  - Snikil Pescabrasa: snikil_pescabrasa.md
  - Soren Vest: soren_vest.md
  - Sybel Astren: sybel_astren.md
  - Taverneiro do Refúgio: taverneiro_refugio.md
  - Thamior: thamior.md
  - Thoren: thoren.md
  - Tilda Auren: tilda_auren.md
  - Tobias Greenbottle: tobias_greenbottle.md
  - Trixie: trixie.md
  - Ustrax: ustrax.md
  - Vaelkor Ashbrand: vaelkor_ashbrand.md
  - Vareth Lionmane: vareth_lionmane.md
  - Verena Kestrel: verena_kestrel.md
  - Zael: zael.md
  - Zahel: zahel.md
  - Zavros Karamark: zavros_karamark.md
  - Zeibranth: zeibranth.md
