nav:
  - Bok Thunderfist: pc_bok_thunderfist.md
  - "Conan, o Bárbaro-Rã": pc_conan_barbaro_ra.md
  - Drayl Bharash: pc_drayl_bharash.md
  - Dustin Thorne: pc_dustin_thorne.md
  - Eirwen: pc_eirwen.md
  - Eldric Silvanus: pc_eldric_silvanus.md
  - Endo Bom Sossego: pc_endovan_bomsossego.md
  - Flynn: pc_flynn.md
  - "Frederick \"Freddy\" Junsi": pc_friedrick_junsi.md
  - Gauthak Vunakamune: pc_gauthak_vunakamune.md
  - "Grix'molah": pc_grix_molah.md
  - Kai: pc_kai.md
  - Leo: pc_leo.md
  - Lone Straw: pc_lone_straw.md
  - Lucien, o Imperador Renascido: pc_lucien.md
  - Markus Grimm: pc_markus_grimm.md
  - Orianna: pc_orianna.md
  - pc lucian vyrolyn: pc_lucian_vyrolyn.md
  - Raylahn: pc_raylahn.md
  - Sarvian Midlor: pc_sarvian_midlor.md
  - Silfir: pc_silfir.md
  - Tabasco de Lumeiros: pc_tabasco_de_lumeiros.md
  - Triss Merrill: pc_triss_merrill.md
  - Ulma: pc_ulma.md
  - Usopp: pc_usopp.md
  - Vaunia Kolakiala: pc_vaunia_kolakiala.md
  - Wagner: pc_wagner.md
  - Wandering Sage: pc_wandering_sage.md
  - Zeldris (anteriormente Varus): pc_zeldris_varus.md
